-- phpMyAdmin SQL Dump
-- version 4.8.5
-- https://www.phpmyadmin.net/
--
-- Host: 127.0.0.1:3306
-- Generation Time: Feb 05, 2022 at 09:00 AM
-- Server version: 5.6.25-log
-- PHP Version: 7.2.18

SET SQL_MODE = "NO_AUTO_VALUE_ON_ZERO";
SET AUTOCOMMIT = 0;
START TRANSACTION;
SET time_zone = "+00:00";


/*!40101 SET @OLD_CHARACTER_SET_CLIENT=@@CHARACTER_SET_CLIENT */;
/*!40101 SET @OLD_CHARACTER_SET_RESULTS=@@CHARACTER_SET_RESULTS */;
/*!40101 SET @OLD_COLLATION_CONNECTION=@@COLLATION_CONNECTION */;
/*!40101 SET NAMES utf8mb4 */;

--
-- Database: `konecna_db`
--

-- --------------------------------------------------------

--
-- Table structure for table `cars`
--

DROP TABLE IF EXISTS `cars`;
CREATE TABLE IF NOT EXISTS `cars` (
  `PK_id` int(11) NOT NULL AUTO_INCREMENT,
  `date` datetime NOT NULL,
  `image` varchar(200) NOT NULL,
  `comment` text NOT NULL,
  `FK_color_id` int(100) NOT NULL,
  `FK_doorType` int(100) NOT NULL,
  `CarName` varchar(255) NOT NULL,
  PRIMARY KEY (`PK_id`),
  KEY `FK-color_id` (`FK_color_id`),
  KEY `FK-doorType` (`FK_doorType`)
) ENGINE=InnoDB AUTO_INCREMENT=442 DEFAULT CHARSET=utf8;

--
-- Dumping data for table `cars`
--

INSERT INTO `cars` (`PK_id`, `date`, `image`, `comment`, `FK_color_id`, `FK_doorType`, `CarName`) VALUES
(285, '2021-05-10 18:59:56', 'car.PNG', '																																																																																																																																											eve kola za lence					\r\n																																																																																																																												', 3, 2, 'lence_MITE'),
(286, '2021-05-10 19:00:01', 'beatle.PNG', '																					NULL																		', 1, 1, 'damjan'),
(287, '2021-05-10 19:00:08', 'alfa-romeo.JPG', '																												NULL																								', 1, 1, 'katerina2015'),
(288, '2021-05-10 19:00:22', 'corvette.JPG', '														NULL												', 3, 3, 'citroen'),
(289, '2021-05-10 19:00:32', 'ferari.JPG', 'kola za prodazba																								', 3, 2, 'limuzina'),
(301, '2021-05-10 20:48:21', 'truck.JPG', '							apce						', 4, 2, 'lence'),
(303, '2021-05-10 21:09:39', 'NULL', 'NULL', 1, 1, 'uio'),
(304, '2021-05-10 21:09:41', 'NULL', 'NULL', 1, 1, 'popo'),
(305, '2021-05-10 21:09:44', 'NULL', 'NULL', 1, 1, 'rtrr'),
(312, '2021-05-11 13:07:48', 'corsa.JPG', '							NULL						', 2, 3, 'miki234'),
(313, '2021-05-11 13:11:20', 'NULL', 'NULL', 1, 1, 'kolp'),
(314, '2021-05-11 13:12:26', 'NULL', 'NULL', 1, 1, 'pol'),
(317, '2021-05-11 13:15:19', 'NULL', 'NULL', 1, 1, 'yui'),
(322, '2021-05-11 13:19:23', 'NULL', 'NULL', 1, 1, 'werty'),
(323, '2021-05-11 13:19:41', 'NULL', 'NULL', 1, 1, 'qwe'),
(324, '2021-05-11 13:20:09', 'NULL', 'NULL', 1, 1, 'wertyu'),
(325, '2021-05-11 13:20:22', 'NULL', 'NULL', 1, 1, 'uii'),
(326, '2021-05-11 13:20:57', 'NULL', 'NULL', 1, 1, 'yu'),
(329, '2021-05-11 19:35:10', 'NULL', 'NULL', 1, 1, 'tyuiop'),
(330, '2021-05-11 19:52:26', 'NULL', 'NULL', 4, 2, 'ghj'),
(331, '2021-05-12 11:22:38', 'honda.PNG', '														honda je dobra																	', 2, 3, 'lokomotiva'),
(335, '2021-05-13 10:05:03', 'NULL', 'NULL', 2, 1, 'povise'),
(337, '2021-05-13 11:04:17', '', '						\r\n					', 1, 1, 'drt'),
(339, '2021-05-13 11:10:09', 'a', '						\r\n					', 1, 1, 'ert'),
(340, '2021-05-13 11:11:06', '', '												\r\n	llklk									', 1, 1, 'gy'),
(342, '2021-05-13 11:40:36', '', 'lklklk												\r\n										', 1, 1, 'rty'),
(343, '2021-05-13 11:52:25', '', '						\r\n					', 1, 1, 'fr'),
(344, '2021-05-13 11:56:05', '', '						\r\n					', 1, 1, 'ftr'),
(345, '2021-05-13 11:57:37', '', '						\r\n					', 1, 1, 'gtt'),
(346, '2021-05-13 12:01:46', 'artistic.PNG', '						\r\n					', 1, 1, 'yt'),
(347, '2021-05-13 12:14:47', '', '														\r\n												', 1, 1, 'ghy'),
(348, '2021-05-13 12:16:22', 'alfa-romeo.JPG', '							\r\n						', 1, 1, 'tyu'),
(349, '2021-05-13 12:27:57', 'blue_car.JPG', 'http://localhost//edit_final.php?Edit_Row=349														\r\n												', 1, 1, 'mikiiiiiiiiiiiiiiiiiiiiiiii'),
(350, '2021-05-13 12:41:35', 'beatle_blue.PNG', 'comentiram							\r\n						', 1, 1, 'weqrty'),
(351, '2021-05-13 12:44:13', 'car.PNG', 'smoki vitaminka																					\r\n																	', 1, 1, 'smoki'),
(352, '2021-05-13 21:31:09', 'blue_car.JPG', '							\r\n						', 1, 1, 'frt'),
(353, '2021-05-13 21:31:27', 'golf.JPG', '							golfce							\r\n												', 4, 2, 'wer123'),
(354, '2021-05-14 11:24:15', 'beatle.PNG', '							bravo	LKLKLKLLKLK						\r\n												', 1, 1, 'mite.k'),
(355, '2021-05-14 11:25:00', 'artistic.PNG', '	nmnmn						\r\n						', 1, 1, 'rty'),
(358, '2021-05-14 20:05:40', '', '						\r\n					', 1, 1, 'ytyt'),
(359, '2021-05-14 20:06:59', '', '						\r\n					', 1, 1, 'jjkk'),
(381, '2021-08-29 13:12:08', '', '	super					\r\n					', 1, 1, 'pak ista'),
(382, '2021-08-29 13:40:28', '', '						\r\n					', 1, 1, '76767'),
(383, '2021-08-29 13:41:52', '', '						\r\n					', 1, 1, '76767'),
(384, '2021-08-29 13:44:44', '', '						\r\n					', 1, 1, '76767'),
(385, '2021-08-29 13:45:47', '', '						\r\n					', 1, 1, '76767'),
(386, '2021-08-29 13:46:25', '', '						\r\n					', 1, 1, '76767'),
(387, '2021-08-29 13:46:53', '', '						\r\n					', 1, 1, '76767'),
(388, '2021-08-29 13:47:25', '', '						\r\n					', 1, 1, '76767'),
(389, '2021-08-29 13:47:48', '', '						\r\n					', 1, 1, '76767'),
(390, '2021-08-29 13:49:08', '', '						\r\n					', 1, 1, '76767'),
(391, '2021-08-29 13:51:37', '', '						\r\n					', 1, 1, '76767'),
(392, '2021-08-29 13:52:01', '', '						\r\n					', 1, 1, '76767'),
(393, '2021-08-29 13:52:21', '', '						\r\n					', 1, 1, '76767'),
(394, '2021-08-29 13:53:06', '', '						\r\n					', 1, 1, '76767'),
(395, '2021-08-29 13:53:24', '', '						\r\n					', 1, 1, '76767'),
(396, '2021-08-29 13:56:02', '', '						\r\n					', 1, 1, '76767'),
(397, '2021-08-29 13:56:45', '', '						\r\n					', 1, 1, '76767'),
(398, '2021-08-29 13:58:05', '', '						\r\n					', 1, 1, '76767'),
(399, '2021-08-29 14:01:08', '', '						\r\n					', 1, 1, '76767'),
(400, '2021-08-29 14:02:39', '', '						\r\n					', 1, 1, '76767'),
(401, '2021-08-29 14:05:42', '', '						\r\n					', 1, 1, '76767'),
(402, '2021-08-29 14:06:41', '', '						\r\n					', 1, 1, '76767'),
(403, '2021-08-29 14:07:03', '', '						\r\n					', 1, 1, '76767'),
(404, '2021-08-29 14:07:41', '', '						\r\n					', 1, 1, '76767'),
(405, '2021-08-29 14:08:27', '', '						\r\n					', 1, 1, '76767'),
(406, '2021-08-29 14:10:14', '', '						\r\n					', 1, 1, '76767'),
(407, '2021-08-29 14:11:56', '', '						\r\n					', 1, 1, '76767'),
(408, '2021-08-29 14:13:06', '', '						\r\n					', 1, 1, '76767'),
(409, '2021-08-29 14:14:46', '', '						\r\n					', 1, 1, '76767'),
(410, '2021-08-29 14:16:45', '', '						\r\n					', 1, 1, '76767'),
(411, '2021-08-29 14:17:29', '', '						\r\n					', 1, 1, '76767'),
(412, '2021-08-29 14:19:24', '', '						\r\n					', 1, 1, '76767'),
(413, '2021-08-29 14:20:07', '', '						\r\n					', 1, 1, '76767'),
(414, '2021-08-29 14:20:24', '', '						\r\n					', 1, 1, '76767'),
(415, '2021-08-29 14:25:24', '', '						\r\n					', 1, 1, '76767'),
(416, '2021-08-29 14:25:36', '', '						\r\n					', 1, 1, 'uyuy'),
(417, '2021-08-29 14:25:46', '', '						\r\n					', 1, 1, 'hghghg'),
(418, '2021-08-29 14:28:23', '', '						\r\n					', 1, 1, 'hyy'),
(419, '2021-08-29 14:32:04', '', '						\r\n					', 1, 1, 'hyy'),
(420, '2021-08-29 14:32:22', '', '						\r\n					', 1, 1, 'rt'),
(421, '2021-08-29 14:33:29', '', '						\r\n					', 1, 1, 'limuzina567'),
(422, '2021-08-29 14:34:12', '1.jpg', '						\r\n					', 1, 1, 'limuzina9999'),
(423, '2021-08-29 14:35:20', '1.jpg', '						\r\n					', 1, 1, 'limuzina9090'),
(424, '2021-08-29 14:39:18', '1.jpg', '						\r\nsuper slika					', 1, 1, 'limuzina5454567'),
(425, '2021-08-29 14:50:25', '', '						\r\n					', 1, 1, '676'),
(426, '2021-08-29 14:52:38', '', '						\r\n					', 1, 1, '676'),
(427, '2021-08-29 15:03:34', '', '						\r\n					', 1, 1, 'limuzina'),
(428, '2021-08-29 15:04:25', '', '						\r\n					', 1, 1, 'limuzina'),
(429, '2021-08-29 15:05:52', '', '						\r\n					', 1, 1, '766'),
(430, '2021-08-29 15:06:11', '', '						\r\n					', 1, 1, '766'),
(431, '2021-08-29 15:09:07', '', '						\r\n					', 1, 1, 'opel corsa111111122222222222'),
(432, '2021-08-29 15:09:26', '', '						\r\n					', 1, 1, 'tyu'),
(433, '2021-08-29 15:10:39', '', '						\r\n					', 1, 1, 'a'),
(434, '2021-08-29 15:10:55', '', '						\r\n					', 1, 1, 'b'),
(435, '2021-08-29 15:11:15', '', '						\r\n					', 1, 1, 'bnm'),
(436, '2021-08-29 15:11:50', '', '						\r\n					', 1, 1, 'jhjhkloi'),
(437, '2021-08-29 15:13:49', '', '						\r\n					', 1, 1, 'jhjhkloi'),
(438, '2021-08-29 15:15:13', '', '						\r\n					', 1, 1, 'jhjhkloi'),
(439, '2021-08-29 15:15:44', '', '						\r\n					', 1, 1, 'opel corsa1'),
(440, '2022-01-17 20:37:57', 'corn-free-icon1.jpg', '													\r\n	hjhjhjhjhjh										', 3, 1, 'limuzina'),
(441, '2022-01-17 20:38:23', 'dairy-free-icon1.jpg', 'onda						\r\n					', 3, 3, 'citroencitroen');

-- --------------------------------------------------------

--
-- Table structure for table `order_table`
--

DROP TABLE IF EXISTS `order_table`;
CREATE TABLE IF NOT EXISTS `order_table` (
  `PK_id` int(100) NOT NULL,
  `Quantity` int(3) NOT NULL,
  `Customer` text NOT NULL,
  `OrderNumber` int(100) NOT NULL,
  `Date` date NOT NULL,
  `FK_id` int(100) NOT NULL AUTO_INCREMENT,
  KEY `FK_id` (`FK_id`)
) ENGINE=InnoDB AUTO_INCREMENT=148 DEFAULT CHARSET=utf8;

--
-- Dumping data for table `order_table`
--

INSERT INTO `order_table` (`PK_id`, `Quantity`, `Customer`, `OrderNumber`, `Date`, `FK_id`) VALUES
(354, 3, 'mikisr3', 78, '2021-06-08', 2),
(349, 1, 'mikisr3', 66, '2021-06-09', 5),
(312, 1, 'mikisr3', 78, '2021-06-09', 6),
(312, 1, 'rt', 7777, '2021-06-09', 9),
(312, 1, 'ghjk', 3456, '2021-06-09', 14),
(349, 1, 'daniel', 909, '2021-06-09', 15),
(354, 5, 'risto', 787878, '2021-06-09', 16),
(312, 1, 'wer', 66, '2021-06-09', 17),
(349, 1, 'rt', 787878, '2021-06-09', 18),
(354, 1, 'rtyu', 890, '2021-06-09', 19),
(331, 1, 'damjan', 678, '2021-06-09', 20),
(312, 1, 'wau', 90621, '2021-06-09', 21),
(312, 5, 'rt', 7777, '2021-06-10', 22),
(312, 1, 'mikisr3', 787878, '2021-06-10', 24),
(312, 1, 'mikisr3', 66, '2021-06-10', 25),
(354, 2, 'risto', 7878, '2021-06-10', 27),
(349, 3, 'mikisr3', 66, '2021-06-10', 29),
(312, 3, 'mikisr3', 7777, '2021-06-10', 30),
(312, 1, 'mikisr3', 7777, '2021-06-10', 31),
(312, 1, 'mikisr3', 273883, '2021-06-10', 32),
(349, 5, 'mikisr3', 7887, '2021-06-19', 34),
(354, 1, 'mikisr3', 273883, '2021-06-10', 35),
(354, 1, 'mikisr3', 7777, '2021-06-10', 37),
(349, 1, 'mikisr3', 273883, '2021-06-10', 38),
(312, 1, 'mikisr3', 273883, '2021-06-10', 39),
(285, 1, 'risto', 78, '2021-06-10', 42),
(357, 1, 'mikisr3', 78, '2021-06-10', 43),
(349, 1, 'mikisr3', 78, '2021-06-10', 44),
(289, 5, 'mikisr3', 78, '2021-06-15', 45),
(312, 1, 'mikisr3', 273883, '2021-06-10', 46),
(312, 1, 'mikisr3', 273883, '2021-06-10', 47),
(354, 1, 'mikisr3', 78, '2021-06-12', 48),
(289, 1, 'mikisr3', 78, '2021-06-12', 50),
(301, 4, 'jas', 66, '2021-06-12', 51),
(301, 4, 'JAS I JAS', 787878, '2021-06-12', 52),
(289, 3, 'mene', 27388327, '2021-06-19', 53),
(285, 3, 'eve me pak', 7777, '2021-06-12', 54),
(301, 3, 'KL', 78, '2021-06-12', 55),
(301, 1, 'POVTORNO', 66, '2021-06-12', 57),
(289, 4, 'WEWE', 7777, '2021-06-12', 58),
(331, 4, 'risto', 787878, '2021-06-12', 59),
(289, 4, 'wau', 273883, '2021-06-12', 61),
(285, 1, 'uiu', 273883, '2021-06-12', 71),
(289, 5, 'pet', 5, '2021-06-12', 73),
(287, 4, 'cetiri', 4, '2021-06-12', 74),
(285, 2, 'dva', 678, '2021-06-12', 75),
(285, 4, 'yes', 890, '2021-06-12', 76),
(288, 1, 'opa', 273883, '2021-06-12', 77),
(285, 1, 'uy', 273883, '2021-06-12', 79),
(285, 3, 'pero', 7777, '2021-06-14', 81),
(301, 4, 'petre', 787878, '2021-06-14', 82),
(301, 4, 'ivica', 66, '2021-06-14', 83),
(285, 4, 'kosta', 2345, '2021-06-14', 84),
(289, 3, 'perica', 1111, '2021-06-14', 87),
(285, 1, 'risto', 78, '2021-06-14', 88),
(354, 5, 'ghy', 9, '2021-06-14', 90),
(290, 4, 'tele', 78, '2021-06-14', 91),
(318, 3, 'igor', 78, '2021-06-14', 92),
(349, 3, 'rt', 78, '2021-06-15', 97),
(349, 2, 'rt', 7777, '2021-06-15', 101),
(289, 4, 'rt', 7878, '2021-06-15', 102),
(289, 4, 'risto', 7777, '2021-06-15', 104),
(289, 4, 'risto', 787878, '2021-06-17', 111),
(289, 4, 'risto', 78, '2021-06-17', 112),
(285, 1, 'risto', 7878, '2021-06-17', 119),
(349, 3, 'BLAZO', 78, '2021-06-17', 126),
(349, 3, 'BLAZO2', 7777, '2021-06-17', 127),
(287, 3, 'mite', 1411983, '2021-06-18', 134),
(354, 4, 'risto', 78, '2021-06-18', 136),
(312, 1, 'risto', 273883, '2021-06-18', 138),
(354, 4, 'wau', 7777, '2021-06-18', 139),
(349, 4, 'rt', 66, '2021-06-18', 140),
(312, 4, 'risto', 66, '2021-06-18', 143),
(349, 3, 'blazo_razbiras', 273883, '2021-06-19', 144),
(312, 4, 'BLAZO889988', 66, '2021-07-06', 145),
(312, 3, 'oplll', 899, '2021-07-17', 146),
(288, 3, 'jh', 273883, '2022-01-17', 147);

-- --------------------------------------------------------

--
-- Table structure for table `_color_id`
--

DROP TABLE IF EXISTS `_color_id`;
CREATE TABLE IF NOT EXISTS `_color_id` (
  `PK_id` int(100) NOT NULL,
  `ColorName` varchar(255) NOT NULL,
  PRIMARY KEY (`PK_id`)
) ENGINE=InnoDB DEFAULT CHARSET=utf8;

--
-- Dumping data for table `_color_id`
--

INSERT INTO `_color_id` (`PK_id`, `ColorName`) VALUES
(1, 'red'),
(2, 'blue'),
(3, 'green'),
(4, 'white'),
(5, 'black');

-- --------------------------------------------------------

--
-- Table structure for table `_doortype`
--

DROP TABLE IF EXISTS `_doortype`;
CREATE TABLE IF NOT EXISTS `_doortype` (
  `PK_id` int(100) NOT NULL,
  `DoorName` varchar(255) NOT NULL,
  PRIMARY KEY (`PK_id`)
) ENGINE=InnoDB DEFAULT CHARSET=utf8;

--
-- Dumping data for table `_doortype`
--

INSERT INTO `_doortype` (`PK_id`, `DoorName`) VALUES
(1, 'front'),
(2, 'back'),
(3, 'rear');

--
-- Constraints for dumped tables
--

--
-- Constraints for table `cars`
--
ALTER TABLE `cars`
  ADD CONSTRAINT `cars_ibfk_3` FOREIGN KEY (`FK_color_id`) REFERENCES `_color_id` (`PK_id`) ON UPDATE CASCADE,
  ADD CONSTRAINT `cars_ibfk_4` FOREIGN KEY (`FK_doorType`) REFERENCES `_doortype` (`PK_id`) ON UPDATE CASCADE;
COMMIT;

/*!40101 SET CHARACTER_SET_CLIENT=@OLD_CHARACTER_SET_CLIENT */;
/*!40101 SET CHARACTER_SET_RESULTS=@OLD_CHARACTER_SET_RESULTS */;
/*!40101 SET COLLATION_CONNECTION=@OLD_COLLATION_CONNECTION */;
